nome.cognome@rois012001.onmicrosoft.com,nome,cognome,nome visulaizzato
davide.aggio@rois012001.onmicrosoft.com,Davide,Aggio, Davide Aggio
yongkang.hu@rois012001.onmicrosoft.com,Yongkang,Hu,Yongkang Hu
bryan.ezennadi@rois012001.onmicrosoft.com, Bryan, Ezennadi, EzennadiBryan
angelica.pigato@rois012001.onmicrosoft.com,Angelica,Pigato,Angelica Pigato
francesca.rossi@rois012001.onmicrosoft.com,Francesca,Rossi,Francesca Rossi
enrico.prearo@rois012001.onmicrosoft.com,Enrico,Prearo,Enrico Prearo
matteo.fuso@rois012001.onmicrosoft.com,Matteo,Fuso,Matteo Fuso
leonardo.osti@rois012001.onmicrosoft.com,Leonardo,Osti,Leonardo Osti
matteo.beccari@rois012001.onmicrosoft.com,Matteo,Beccari,Matteo Beccari
alessandro.ding@rois012001.onmicrosoft.com,Alessandro,Ding,DINGO
armando.anescu@rois012001.onmicrosoft.com,Armando,Anescu,Armando Anescu
xiaqiang.qiu@rois012001.onmicrosoft.com,Xiaqiang,Qiu,Xiaqiang Qiu
riccardo.merlo@rois012001.onmicrosoft.com,Riccardo,Merlo, Riccardo Merlo
fabio.cucu@rois012001.onmicrosoft.com,Fabio,Cucu,Fabio Cucu
marcello.targa@rois012001.onmicrosoft.com,Marcello,Targa, Marcello Targa
tommaso.corsini@rois012001.onmicrosoft.com,Tommaso,Corsini,Tommaso Corsini
nicolo.malaman@rois012001.onmicrosoft.com,Nicolò,Malaman, Nicolò Malaman
david.negrello@rois012001.onmicrosoft.com,David,Negrello,DavidNegrello
niccolo.cherubin@rois012001.onmicrosoft.com,Niccolo,Cherubin,Niccolo Cherubin 
niccolo.grappeggia@rois012001.onmicrosoft.com,Niccolò,Grappeggia,Niccolò Grappeggia
angelo.formaggio@rois012001.onmicrosoft.com,Angelo,Formaggio,Formaggio Angelo
michele.cervati@rois012001.onmicrosoft.com,Michele,Cervati,Michele Cervati 
matteo.cominato@rois012001.onmicrosoft.com,Matteo,Cominato,Matteo Cominato
